City_ID,City,Lat,Lng,Max Temp,Humidity,Cloudiness,Wind Speed,Country,Date
0,adamstown,-25.066,-130.1015,20.85,85,100,6.88,PN,1691088548
1,utrik,11.2278,169.8474,28.57,76,72,7.0,MH,1691088562
2,dakhla,23.6848,-15.958,24.01,73,2,13.89,EH,1691088762
3,stanley,54.868,-1.6985,15.99,92,40,0.51,GB,1691088574
4,magdagachi,53.45,125.8,10.96,70,99,1.89,RU,1691088914
5,iskateley,67.6803,53.1512,20.97,69,47,1.95,RU,1691088593
6,gaspe,48.8334,-64.4819,24.12,41,75,6.17,CA,1691088914
7,punta arenas,-53.15,-70.9167,3.97,78,100,11.69,CL,1691088276
8,kill devil hills,36.0307,-75.676,28.0,51,0,3.6,US,1691088691
9,san antonio de pale,-1.4014,5.6325,22.5,75,100,2.54,GQ,1691088657
10,vilyuchinsk,52.9306,158.4028,11.15,84,100,2.42,RU,1691088550
11,thompson,55.7435,-97.8558,22.09,60,40,0.0,CA,1691088565
12,zeya,53.75,127.2667,11.48,72,39,2.13,RU,1691088609
13,ilulissat,69.2167,-51.1,9.01,71,75,1.54,GL,1691088561
14,illizi,26.4833,8.4667,41.89,11,2,8.83,DZ,1691088916
15,aykhal,66.0,111.5,6.14,86,96,3.08,RU,1691088597
16,nouadhibou,20.931,-17.0347,24.99,73,6,6.69,MR,1691088916
17,kemijarvi,66.7131,27.4306,16.02,94,98,3.03,FI,1691088917
18,susuman,62.7833,148.1667,7.18,61,100,1.88,RU,1691088569
19,weno,7.4515,151.8468,28.36,75,22,2.61,FM,1691088633
20,constantia,44.1833,28.65,23.38,80,0,3.38,RO,1691088571
21,lodwar,3.1191,35.5973,28.81,41,100,3.54,KE,1691088918
22,mazagao,-0.115,-51.2894,33.03,42,4,1.97,BR,1691088918
23,nemuro,43.3236,145.575,18.37,99,82,8.31,JP,1691088604
24,ust-nera,64.5667,143.2,12.19,62,0,1.74,RU,1691088550
25,san patricio,28.017,-97.5169,37.4,41,35,7.28,US,1691088673
26,albany,42.6001,-73.9662,26.05,69,100,0.45,US,1691088385
27,bonthe,7.5264,-12.505,25.18,88,100,2.46,SL,1691088919
28,afaahiti,-17.75,-149.2833,24.93,77,11,5.96,PF,1691088597
29,hawaiian paradise park,19.5933,-154.9731,25.57,90,100,2.57,US,1691088573
30,hithadhoo,-0.6,73.0833,28.1,75,34,3.68,MV,1691088565
31,tazacorte,28.629,-17.9293,25.54,85,75,6.17,ES,1691088920
32,mount gambier,-37.8333,140.7667,18.76,45,100,7.72,AU,1691088921
33,tuy hoa,13.0833,109.3,27.36,76,83,4.38,VN,1691088921
34,west island,-12.1568,96.8225,24.99,73,75,9.26,CC,1691088569
35,coruripe,-10.1256,-36.1756,25.04,70,5,4.74,BR,1691088922
36,zheleznodorozhnyy,55.7503,38.0042,24.09,71,13,2.42,RU,1691088689
37,chinde,26.8418,88.0763,19.38,95,100,1.85,NP,1691088651
38,yellowknife,62.456,-114.3525,20.31,49,75,1.03,CA,1691088548
39,sanya,18.2431,109.505,26.09,94,75,5.0,CN,1691088923
40,tolanaro,-25.0319,46.9987,19.04,72,40,7.2,MG,1691088603
41,grytviken,-54.2811,-36.5092,-2.12,80,100,5.0,GS,1691088547
42,bilibino,68.0546,166.4372,9.61,95,100,0.66,RU,1691088550
43,kupang,-10.1667,123.5833,24.56,81,18,6.44,ID,1691088702
44,hermanus,-34.4187,19.2345,16.55,65,100,2.65,ZA,1691088570
45,celestun,20.8667,-90.4,31.14,62,25,6.88,MX,1691088704
46,leava,-14.3,-178.1667,26.75,81,100,11.41,WF,1691088623
47,roslavl',53.9528,32.8639,17.99,87,7,2.53,RU,1691088787
48,wailua homesteads,22.0669,-159.378,26.44,80,75,8.75,US,1691088551
49,margaret river,-33.95,115.0667,8.48,78,47,2.54,AU,1691088549
50,iqaluit,63.7506,-68.5145,9.85,76,40,2.06,CA,1691088572
51,port lincoln,-34.7333,135.8667,13.3,82,45,8.96,AU,1691088567
52,olyokminsk,60.3736,120.4264,13.32,69,2,1.03,RU,1691088926
53,waitangi,-43.9535,-176.5597,8.79,89,96,15.8,NZ,1691088546
54,trairi,-3.2778,-39.2689,28.4,65,19,6.95,BR,1691088312
55,port-aux-francais,-49.35,70.2167,2.63,84,49,18.04,TF,1691088546
56,port alfred,-33.5906,26.891,19.49,41,6,5.12,ZA,1691088645
57,puerto natales,-51.7236,-72.4875,3.58,95,100,8.22,CL,1691088374
58,robore,-18.3333,-59.75,34.05,52,0,7.72,BO,1691088927
59,papatowai,-46.5619,169.4708,8.99,73,100,4.33,NZ,1691088548
60,quelimane,-17.8786,36.8883,19.97,88,75,5.81,MZ,1691088927
61,brookings,44.3114,-96.7984,30.81,59,98,0.45,US,1691088536
62,balabac,7.9868,117.0645,27.42,82,100,1.69,PH,1691088928
63,adrar,20.5022,-10.0711,41.54,6,78,4.93,MR,1691088699
64,invercargill,-46.4,168.35,8.34,84,100,2.68,NZ,1691088585
65,puerto yuca,2.9383,-73.2083,31.37,52,88,1.68,CO,1691088929
66,las khorey,11.1595,48.1967,32.69,53,100,3.72,SO,1691088929
67,jiexiu,37.0244,111.9125,26.92,66,0,2.22,CN,1691088929
68,blackmans bay,-43.0167,147.3167,10.85,85,100,2.52,AU,1691088553
69,port augusta,-32.5,137.7667,20.17,41,100,6.28,AU,1691088930
70,vilyuysk,63.7553,121.6247,14.07,80,99,3.86,RU,1691088930
71,kota kinabalu,5.9749,116.0724,24.99,78,20,3.6,MY,1691088685
72,santo antonio,-6.3106,-35.4789,27.6,55,100,6.31,BR,1691088930
73,college,64.8569,-147.8028,21.78,64,75,1.54,US,1691088552
74,gustavsberg,59.3268,18.3898,17.32,96,85,5.56,SE,1691088931
75,brokopondo,4.75,-55.1667,31.4,55,38,1.04,SR,1691088697
76,faya-largeau,17.9257,19.1043,36.03,31,1,2.72,TD,1691088668
77,olonkinbyen,70.9221,-8.7187,4.44,90,54,8.48,SJ,1691088576
78,segorbe,39.8138,-0.4521,25.62,77,70,4.03,ES,1691088932
79,lubuklinggau,-3.3,102.8667,23.39,97,97,0.55,ID,1691088932
80,kavaratti,10.5669,72.642,28.13,77,35,8.21,IN,1691088623
81,tofol,5.3248,163.0078,28.81,75,98,4.54,FM,1691088777
82,tambopata,-12.7333,-69.1833,33.94,49,40,2.57,PE,1691088933
83,zaraza,9.3503,-65.3245,29.89,70,81,1.76,VE,1691088933
84,puerto lempira,15.2667,-83.7667,31.08,66,75,4.63,HN,1691088933
85,turuntayevo,52.2,107.6167,16.05,95,100,0.8,RU,1691088934
86,srivardhan,18.0333,73.0167,26.05,89,100,6.0,IN,1691088934
87,las vegas,36.175,-115.1372,35.98,32,0,3.58,US,1691088683
88,westport,41.1415,-73.3579,27.4,59,0,5.66,US,1691088640
89,new norfolk,-42.7826,147.0587,11.51,77,100,0.86,AU,1691088652
90,sarangani,5.4033,125.4636,28.38,76,64,2.26,PH,1691088935
91,ribeira grande,38.5167,-28.7,25.22,69,40,6.69,PT,1691088578
92,bredasdorp,-34.5322,20.0403,15.06,59,88,1.4,ZA,1691088552
93,puerto ayora,-0.7393,-90.3518,29.98,87,64,2.24,EC,1691088648
94,mogadishu,2.0371,45.3438,24.57,86,54,8.81,SO,1691088615
95,kostomuksha,64.571,30.5767,16.21,96,100,2.22,RU,1691088936
96,mawlaik,23.6333,94.4167,25.07,99,100,0.45,MM,1691088936
97,georgetown,5.4112,100.3354,28.97,79,20,2.57,MY,1691088305
98,edinburgh of the seven seas,-37.0676,-12.3116,14.79,87,100,19.69,SH,1691088566
99,padre bernardo,-15.35,-48.5,32.05,17,27,0.6,BR,1691088937
100,najran,17.4924,44.1277,34.36,39,83,3.43,SA,1691088937
101,oppdal,62.5943,9.6912,13.02,93,99,2.91,NO,1691088938
102,lompoc,34.6391,-120.4579,22.69,72,20,9.83,US,1691088601
103,borogontsy,62.6683,131.1683,11.43,77,2,0.4,RU,1691088938
104,bethel,41.3712,-73.414,26.63,60,75,5.14,US,1691088449
105,al kharijah,25.4514,30.5464,34.76,17,0,5.65,EG,1691088639
106,taoudenni,22.6783,-3.9836,45.58,6,19,4.32,ML,1691088939
107,urangan,-25.3,152.9,19.49,63,90,6.67,AU,1691088939
108,namibe,-15.1961,12.1522,19.11,85,44,2.42,AO,1691088686
109,saipan,15.1355,145.701,27.39,100,0,2.06,MP,1691088621
110,carnarvon,-24.8667,113.6333,14.97,59,0,7.3,AU,1691088650
111,kalmunai,7.4167,81.8167,27.42,74,10,2.76,LK,1691088940
112,jamestown,42.097,-79.2353,27.79,49,0,4.02,US,1691088940
113,kuala tungkal,-0.8167,103.4667,24.86,93,100,2.68,ID,1691088941
114,karasuk,53.7377,78.0403,20.47,73,100,2.85,RU,1691088941
115,kormilovka,55.0026,74.1028,20.4,63,100,1.56,RU,1691088941
116,sainte-adresse,49.5089,0.0845,17.59,82,75,5.14,FR,1691088941
117,avarua,-21.2078,-159.775,22.03,88,100,4.12,CK,1691088575
118,sechura,-5.5569,-80.8222,27.9,59,4,6.3,PE,1691088942
119,lihue,21.9789,-159.3672,26.77,75,75,8.75,US,1691088561
120,tazovsky,67.4667,78.7,11.66,68,25,4.17,RU,1691088667
121,devils lake,48.1128,-98.8651,30.06,42,0,4.12,US,1691088943
122,nuriootpa,-34.4833,139.0,16.1,41,99,10.95,AU,1691088943
123,badger,64.8,-147.5333,21.74,62,75,1.54,US,1691088622
124,nuuk,64.1835,-51.7216,12.34,66,40,5.66,GL,1691088943
125,cabo san lucas,22.8909,-109.9124,37.01,49,20,4.12,MX,1691088088
126,aoulef,26.9667,1.0833,41.88,8,1,2.35,DZ,1691088700
127,shimanovsk,52.0,127.7,14.43,53,100,4.33,RU,1691088944
128,maridi,4.9158,29.4742,20.24,91,100,1.57,SS,1691088944
129,maralal,1.0968,36.698,15.25,79,100,2.79,KE,1691088945
130,blackfoot,43.1905,-112.345,19.21,88,100,3.75,US,1691088945
131,paradip garh,20.3167,86.6167,28.35,80,100,4.42,IN,1691088945
132,nizhnesortymskiy,62.4397,71.7603,20.54,70,75,4.15,RU,1691088671
133,kargasok,59.0556,80.8572,17.23,88,99,3.28,RU,1691088707
134,manay,7.215,126.5397,25.83,86,41,3.05,PH,1691088946
135,sloviansk,48.8667,37.6167,24.02,51,0,0.18,UA,1691088946
136,lively,46.4334,-81.1498,18.51,75,55,4.58,CA,1691088946
137,revda,56.801,59.9303,16.11,88,12,1.49,RU,1691088604
138,saint-philippe,-21.3585,55.7679,20.77,87,62,7.37,RE,1691088577
139,kabba,7.8287,6.0731,22.32,94,97,1.17,NG,1691088947
140,barcelos,41.5388,-8.6151,23.29,60,2,7.09,PT,1691088668
141,swan hill,-35.3378,143.5544,14.07,45,79,5.84,AU,1691088948
142,ushuaia,-54.8,-68.3,0.81,86,100,8.75,AR,1691088440
143,tam ky,15.5667,108.4833,27.16,77,100,2.81,VN,1691088948
144,port mathurin,-19.6833,63.4167,23.4,71,35,9.48,MU,1691088616
145,quila,24.4228,-107.22,37.17,43,20,4.1,MX,1691088949
146,palikir - national government center,6.9248,158.1611,25.41,89,75,0.0,FM,1691088949
147,yuzhno-kurilsk,44.0306,145.8556,20.05,90,100,6.22,RU,1691088555
148,poronaysk,49.2167,143.1167,13.82,90,100,1.81,RU,1691088950
149,tiksi,71.6872,128.8694,3.13,98,100,4.61,RU,1691088547
150,argostolion,38.1811,20.489,28.04,74,20,2.06,GR,1691088950
151,acapulco de juarez,16.8634,-99.8901,27.93,82,100,2.88,MX,1691088950
152,greymouth,-42.4667,171.2,3.87,86,49,1.97,NZ,1691088696
153,alo,7.4178,6.7371,23.96,95,94,1.53,NG,1691088951
154,damoh,23.8333,79.45,23.72,96,100,6.51,IN,1691088951
155,luderitz,-26.6481,15.1594,16.61,49,100,1.35,NA,1691088951
156,hammerfest,70.6634,23.6821,22.25,64,75,6.17,NO,1691088952
157,la puebla de montalban,39.863,-4.3592,29.61,15,0,7.72,ES,1691088952
158,rybnaya sloboda,55.4613,50.1409,18.75,79,34,0.91,RU,1691088952
159,alice springs,-23.7,133.8833,10.75,71,0,0.0,AU,1691088660
160,narasannapeta,18.4167,84.05,27.79,71,100,3.22,IN,1691088953
161,east london,-33.0153,27.9116,17.52,59,0,2.57,ZA,1691088328
162,villa gesell,-37.2639,-56.973,12.25,45,42,1.38,AR,1691088564
163,dong ha,16.8163,107.1003,26.69,79,100,5.71,VN,1691088953
164,uturoa,-16.7333,-151.4333,25.96,70,25,7.37,PF,1691088575
165,petropavlovsk-kamchatsky,53.0452,158.6483,10.33,100,75,3.0,RU,1691088570
166,ziro,27.6333,93.8333,16.23,100,100,0.42,IN,1691088922
167,santa ana,33.7456,-117.8678,32.45,59,20,2.57,US,1691088479
168,verkhnevilyuysk,63.4453,120.3167,11.75,96,99,1.62,RU,1691088954
169,ibiza,38.9088,1.433,28.45,81,40,5.14,ES,1691088871
170,coahuayana de hidalgo,18.7,-103.6583,31.88,61,100,2.73,MX,1691088930
171,ivdel',60.6911,60.4206,17.19,98,100,2.12,RU,1691088955
172,harstad,68.799,16.5293,16.0,87,78,6.26,NO,1691088955
173,markaz-e hukumat-e darweshan,31.1323,64.1934,31.71,12,0,4.15,AF,1691088955
174,simcoe,42.8334,-80.2997,27.22,73,35,6.24,CA,1691088905
175,ad dilam,23.9915,47.1627,40.23,9,17,4.26,SA,1691088614
176,polyarnyy,69.1989,33.4478,20.0,69,49,4.13,RU,1691088956
177,meadow lake,34.8014,-106.5436,33.31,27,0,4.94,US,1691088956
178,port elizabeth,-33.918,25.5701,22.16,33,0,3.09,ZA,1691088270
179,taksimo,56.3444,114.8794,13.97,75,5,0.06,RU,1691088957
180,kenai,60.5544,-151.2583,15.05,85,20,6.17,US,1691088957
181,la passe,45.5549,-0.8967,19.13,78,96,7.47,FR,1691088590
182,la ronge,55.1001,-105.2842,21.12,73,75,2.57,CA,1691088648
183,at taj,24.2049,23.2857,34.96,12,5,4.8,LY,1691088669
184,la palma,33.8464,-118.0467,33.01,64,0,2.68,US,1691088958
185,rongelap,11.1635,166.8941,28.68,77,100,7.15,MH,1691088578
186,port saint john's,-31.6229,29.5448,17.58,58,0,3.1,ZA,1691088549
187,chonchi,-42.6128,-73.8092,9.51,65,30,2.56,CL,1691088558
188,puerto aysen,-45.4,-72.7,7.02,76,75,0.0,CL,1691088959
189,laguna,38.421,-121.4238,28.51,52,0,4.63,US,1691088842
190,happy valley-goose bay,53.3168,-60.3315,18.17,72,75,3.6,CA,1691088274
191,kant,27.8,79.8,31.46,65,100,2.37,IN,1691088959
192,sitka,57.0531,-135.33,16.94,77,40,0.0,US,1691088606
193,minas de marcona,-15.2119,-75.1103,18.92,50,88,3.77,PE,1691088574
194,mcalester,34.9334,-95.7697,39.19,37,0,5.14,US,1691088757
195,doka,13.5167,35.7667,23.21,82,50,2.26,SD,1691088961
196,vorgashor,67.5833,63.95,19.17,72,0,2.79,RU,1691088604
197,novaya igirma,57.1334,103.9112,14.71,64,100,1.18,RU,1691088961
198,ponta delgada,37.7333,-25.6667,24.4,78,75,5.66,PT,1691088961
199,maua,-23.6678,-46.4614,29.16,58,0,3.86,BR,1691088735
200,urdinarrain,-32.6857,-58.8932,16.49,44,58,5.51,AR,1691088962
201,hamilton,39.1834,-84.5333,32.1,49,0,1.79,US,1691088430
202,castillos,-34.1667,-53.8333,10.37,58,100,3.17,UY,1691088697
203,itoman,26.1247,127.6694,28.43,91,75,15.43,JP,1691088962
204,talnakh,69.4865,88.3972,14.88,44,11,1.74,RU,1691088558
205,fort mcmurray,56.7268,-111.381,20.73,77,40,2.57,CA,1691088716
206,dalandzadgad,43.5708,104.425,23.26,44,0,3.86,MN,1691088963
207,tosontsengel,48.7567,98.2839,11.7,84,100,0.86,MN,1691088963
208,big bend,-26.8167,31.9333,14.28,83,0,1.2,SZ,1691088964
209,tarawa,1.419,172.984,26.05,94,40,1.03,KI,1691088964
210,zdvinsk,54.7021,78.661,19.75,83,100,2.72,RU,1691088964
211,ad dawadimi,24.5077,44.3924,35.64,12,0,4.66,SA,1691088964
212,qaqortoq,60.7167,-46.0333,6.92,82,100,3.53,GL,1691088560
213,sao felix do xingu,-6.6447,-51.995,38.3,18,98,0.85,BR,1691088965
214,arkhipo-osipovka,44.37,38.52,20.83,81,3,2.95,RU,1691088965
215,tucuma,-0.1833,-50.05,31.48,55,11,3.48,BR,1691088828
216,east porterville,36.0574,-118.9757,32.02,36,0,2.57,US,1691088966
217,fort bragg,35.139,-79.006,26.85,58,100,3.6,US,1691088621
218,kovdor,67.5662,30.4758,16.31,94,100,2.65,RU,1691088966
219,apolinario saravia,-24.4328,-63.9954,28.36,33,0,4.93,AR,1691088968
220,kodinsk,58.6881,99.1844,15.36,56,98,1.45,RU,1691088968
221,north liberty,41.7492,-91.598,26.76,61,100,2.57,US,1691088968
222,nkove,-7.95,30.85,23.17,57,24,4.29,TZ,1691088968
223,basoko,1.2391,23.616,24.32,83,94,0.66,CD,1691088969
224,ko pha ngan,9.7578,100.0291,25.62,78,100,8.75,TH,1691088969
225,fort st. john,56.2499,-120.8529,14.94,82,75,4.63,CA,1691088520
226,queenstown,-31.8976,26.8753,10.37,43,5,2.99,ZA,1691088970
227,padang,-0.9492,100.3543,26.03,88,97,1.69,ID,1691088418
228,angaur state,6.906,134.13,27.9,80,100,1.29,PW,1691088571
229,lebu,-37.6167,-73.65,10.49,62,3,9.53,CL,1691088496
230,pointe-noire,-4.7761,11.8635,21.04,86,100,3.75,CG,1691088970
231,kuta,-8.7233,115.1723,25.0,88,20,2.68,ID,1691088635
232,sandnessjoen,66.0217,12.6316,17.29,82,75,4.12,NO,1691088609
233,pont-saint-esprit,44.2549,4.6474,26.85,40,0,6.21,FR,1691088971
234,qadirpur ran,30.2924,71.6712,32.94,40,0,4.42,PK,1691088971
235,south venice,27.0531,-82.4243,35.55,68,20,4.02,US,1691088972
236,dudinka,69.4058,86.1778,10.82,66,10,3.99,RU,1691088580
237,andorra,42.5,1.5,11.78,87,62,3.96,AD,1691088972
238,san jose del cabo,23.0589,-109.6977,37.0,59,0,6.17,MX,1691088972
239,tongliao,43.6125,122.2653,21.9,91,97,3.67,CN,1691088973
240,bandarbeyla,9.4942,50.8122,24.44,85,14,13.7,SO,1691088973
241,rio grande,-32.035,-52.0986,15.06,64,95,4.67,BR,1691088703
242,sola,-13.8833,167.55,24.02,86,100,9.0,VU,1691088973
243,kone,-21.0595,164.8658,17.53,95,100,2.34,NC,1691088974
244,lospalos,-8.5186,127.0025,20.4,89,0,2.34,TL,1691088974
245,davydovka,51.1578,39.4292,24.15,59,59,0.09,RU,1691088974
246,ugoofaaru,5.6667,73.0,28.1,76,93,3.67,MV,1691088686
247,tual,-5.6667,132.75,26.05,84,50,9.27,ID,1691088975
248,khandyga,62.6667,135.6,9.93,89,4,0.91,RU,1691088975
249,kaposvar,46.3667,17.8,19.15,72,46,4.32,HU,1691088686
250,haiku-pauwela,20.9219,-156.3051,26.25,63,20,4.63,US,1691088477
251,akureyri,65.6835,-18.0878,10.96,71,75,5.14,IS,1691088976
252,fengcheng,40.4536,124.0717,23.4,99,98,1.79,CN,1691088976
253,zhirnovsk,50.9845,44.7735,22.57,61,8,2.25,RU,1691088976
254,longyearbyen,78.2186,15.6401,9.91,76,75,12.86,SJ,1691088316
255,enewetak,11.3474,162.3373,28.6,77,36,5.84,MH,1691088569
256,amga,60.8953,131.9608,14.32,71,100,0.38,RU,1691088694
257,hilo,19.7297,-155.09,27.38,93,100,2.57,US,1691088665
258,veselynove,47.3567,31.2349,24.34,64,0,3.85,UA,1691088978
259,kodiak,57.79,-152.4072,11.73,100,100,1.54,US,1691088566
260,sao vicente,-23.9631,-46.3919,34.1,40,0,2.06,BR,1691088554
261,nsanje,-16.92,35.262,20.16,64,98,1.96,MW,1691088978
262,walvis bay,-22.9575,14.5053,12.83,87,25,3.6,NA,1691088606
263,mana,5.6592,-53.7767,27.88,79,56,4.65,GF,1691088979
264,st. john's,47.5649,-52.7093,24.66,46,75,5.66,CA,1691088400
265,soweto,-26.2678,27.8585,9.02,65,0,0.0,ZA,1691088979
266,el abiodh sidi cheikh,32.893,0.5484,36.16,10,2,3.57,DZ,1691088979
267,colonia menno,-22.3667,-59.8167,36.64,19,0,3.38,PY,1691088980
268,hadibu,12.65,54.0333,26.37,73,100,9.35,YE,1691088615
269,alhama de granada,37.0069,-3.9896,30.77,24,0,2.99,ES,1691088980
270,ghanzi,-21.5667,21.7833,14.65,44,0,4.34,BW,1691088917
271,mahina,-17.5065,-149.489,25.87,69,20,1.03,PF,1691088701
272,eastham,41.8301,-69.9739,26.44,67,0,4.12,US,1691088598
273,val-d'or,48.1002,-77.7828,23.05,64,75,4.12,CA,1691088981
274,veinticinco de mayo,-35.4323,-60.1727,11.66,48,11,0.89,AR,1691088727
275,margate,51.3813,1.3862,19.93,60,100,1.34,GB,1691088565
276,vorkuta,67.5,64.0,19.38,71,0,2.83,RU,1691088620
277,ad darb,17.7229,42.2526,34.11,43,55,1.68,SA,1691088982
278,vettavalam,12.1,79.25,29.46,49,0,6.4,IN,1691088983
279,broken hill,-31.95,141.4333,15.72,51,0,8.23,AU,1691088983
280,remire-montjoly,4.9167,-52.2667,31.02,70,0,6.17,GF,1691088983
281,antofagasta,-23.65,-70.4,19.6,66,5,2.92,CL,1691088923
282,porto novo,6.4965,2.6036,25.9,85,89,3.7,BJ,1691088613
283,touggourt,33.1053,6.058,42.06,14,0,2.06,DZ,1691088984
284,guerrero negro,27.9769,-114.0611,26.39,56,8,7.11,MX,1691088572
285,tenenkou,14.4572,-4.9169,35.47,33,0,2.46,ML,1691088985
286,sai kung,22.3822,114.2728,31.7,86,90,1.34,CN,1691088985
287,necochea,-38.5473,-58.7368,11.71,35,4,3.83,AR,1691088661
288,mugia,43.1041,-9.2179,20.51,69,73,7.58,ES,1691088985
289,achinsk,56.2694,90.4993,17.58,90,5,1.9,RU,1691088986
290,arraial do cabo,-22.9661,-42.0278,25.98,50,0,3.09,BR,1691088986
291,talcahuano,-36.7167,-73.1167,12.82,50,0,4.63,CL,1691088666
292,selfoss,63.9331,-20.9971,13.91,71,65,4.86,IS,1691088986
293,anadyr,64.75,177.4833,11.28,87,75,8.0,RU,1691088547
294,cill airne,52.05,-9.5167,14.11,82,4,6.54,IE,1691088987
295,grand gaube,-20.0064,57.6608,23.22,75,3,0.89,MU,1691088987
296,northam,51.0333,-4.2167,16.45,79,76,6.67,GB,1691088656
297,portland,45.5234,-122.6762,27.74,55,2,0.89,US,1691088479
298,imperial,33.0334,-115.4175,41.12,7,0,3.92,US,1691088988
299,vapnyarka,48.5348,28.7436,21.6,82,0,3.38,UA,1691088988
300,fada,9.5667,8.3,19.87,98,51,0.61,NG,1691088989
301,mega,4.05,38.3,15.64,68,100,6.7,ET,1691088989
302,cold lake,54.4502,-110.2017,21.97,64,100,6.69,CA,1691088989
303,golere,16.2557,-14.1017,37.45,35,7,2.74,SN,1691088989
304,bangassou,4.7413,22.8184,22.95,91,100,0.68,CF,1691088990
305,kstovo,56.1473,44.1979,19.66,80,74,0.82,RU,1691088990
306,kenora,49.8167,-94.4337,25.54,50,40,4.12,CA,1691088990
307,vanimo,-2.6741,141.3028,25.11,90,99,2.33,PG,1691088991
308,alofi,-19.0595,-169.9187,20.94,88,100,5.14,NU,1691088991
309,bardai,11.65,7.2333,24.06,81,26,2.94,NG,1691088655
310,holualoa,19.6228,-155.9522,26.54,77,40,4.12,US,1691088625
311,keflavik,64.0049,-22.5624,13.24,67,75,4.63,IS,1691088561
312,puerto francisco de orellana,-0.4667,-76.9667,31.03,66,75,2.57,EC,1691088992
313,nova sintra,14.8667,-24.7167,22.8,74,24,3.55,CV,1691088673
314,palmas,-10.2128,-48.3603,33.93,31,20,3.6,BR,1691088693
315,kudahuvadhoo,2.6708,72.8944,28.15,71,46,1.77,MV,1691088993
316,lazuri,47.85,22.8667,24.99,74,20,1.54,RO,1691088993
317,benguela,-12.5763,13.4055,21.35,84,35,2.89,AO,1691088993
318,shache,38.4167,77.2406,26.32,24,0,3.67,CN,1691088994
319,sosnovo-ozerskoye,52.5249,111.5418,11.32,90,100,1.43,RU,1691088994
320,cockburn town,21.4612,-71.1419,28.82,73,100,4.11,TC,1691088554
321,novyy urgal,51.0736,132.5642,10.58,85,61,1.58,RU,1691088994
322,mukalla,14.5425,49.1242,32.4,58,95,3.67,YE,1691088995
323,varadero,23.1536,-81.2514,30.42,65,70,4.71,CU,1691088995
324,nizhniy lomov,53.5304,43.6766,19.97,82,2,2.84,RU,1691088995
325,menongue,-14.6585,17.691,16.47,35,29,2.65,AO,1691088995
326,thinadhoo,0.5333,72.9333,28.0,73,6,3.05,MV,1691088996
327,dan khun thot,15.2085,101.7714,25.2,81,100,5.44,TH,1691088996
328,tidjikja,18.5564,-11.4271,36.83,24,4,5.39,MR,1691088996
329,jebel,45.5556,21.2136,29.47,49,0,1.45,RO,1691088997
330,ta`u,-14.2336,-169.5144,27.13,70,19,5.6,AS,1691088997
331,whitehorse,60.7161,-135.0538,18.43,63,20,1.03,CA,1691088554
332,capelinha,-17.6914,-42.5158,27.24,23,0,1.29,BR,1691088708
333,east grand forks,47.93,-97.0245,30.13,43,75,2.06,US,1691088998
334,natal,-5.795,-35.2094,29.12,54,40,9.26,BR,1691088998
335,goshaingaon,26.4379,89.9788,26.23,93,100,1.1,IN,1691088998
336,conception bay south,47.4999,-52.9981,24.53,54,99,1.62,CA,1691088998
337,cidreira,-30.1811,-50.2056,17.61,80,93,4.37,BR,1691088789
338,sao geraldo do araguaia,-6.4006,-48.555,38.08,19,100,1.4,BR,1691088999
339,zapala,-38.8992,-70.0544,11.13,19,52,0.77,AR,1691088999
340,dunhua,43.3725,128.2425,21.7,95,100,3.45,CN,1691088999
341,isafjordur,66.0755,-23.124,11.02,66,100,4.12,IS,1691088557
342,colonia,50.9333,6.95,18.31,85,40,2.06,DE,1691088587
343,sungailiat,-1.85,106.1333,26.74,86,83,4.26,ID,1691089000
344,tera,14.0078,0.7531,35.89,37,100,1.6,NE,1691089000
345,ambon,-3.6954,128.1814,26.04,95,31,4.83,ID,1691089001
346,archangelos,36.2149,28.1149,26.99,74,0,4.63,GR,1691089001
347,langres,47.8333,5.3333,15.66,96,81,4.51,FR,1691089001
348,argo,37.6333,22.7333,29.32,54,0,1.03,GR,1691088809
349,edgewater,28.9889,-80.9023,34.51,71,80,4.33,US,1691088522
350,luwuk,-0.9516,122.7875,24.57,87,24,1.79,ID,1691088658
351,mansa,29.9833,75.3833,31.21,63,43,3.11,IN,1691089002
352,luanda,-8.8368,13.2343,23.0,73,0,3.6,AO,1691088839
353,gaalkacyo,6.7697,47.4308,29.58,43,100,10.57,SO,1691089003
354,sambava,-14.2667,50.1667,21.55,86,79,5.03,MG,1691089003
355,aasiaat,68.7098,-52.8699,3.2,81,27,3.41,GL,1691088582
356,cody,44.5263,-109.0565,19.24,93,100,3.09,US,1691089003
357,tarrafal de sao nicolau,16.5667,-24.3667,25.9,73,8,3.38,CV,1691089004
358,tariba,7.8188,-72.2243,30.31,49,68,2.51,VE,1691089004
359,constitucion,-35.3333,-72.4167,15.45,47,97,4.16,CL,1691088584
360,kuacjok,8.3002,27.9903,23.41,89,100,1.88,SS,1691089004
361,udachny,66.4167,112.4,6.36,100,87,2.86,RU,1691088572
362,taro,-8.3862,115.28,21.03,91,81,1.18,ID,1691089005
363,sumbawanga,-7.9667,31.6167,13.85,66,99,3.06,TZ,1691089005
364,grand falls-windsor,48.9332,-55.6649,25.84,45,7,3.73,CA,1691088895
365,ovalle,-30.5983,-71.2003,22.02,49,47,1.29,CL,1691089006
366,sheregesh,52.9209,87.9869,15.55,99,100,1.71,RU,1691089006
367,guadalupe y calvo,26.1,-106.9667,26.91,31,19,2.19,MX,1691089006
368,mount pearl,47.5166,-52.7813,24.19,48,75,5.66,CA,1691088654
369,soc trang,9.6033,105.98,25.45,92,96,3.26,VN,1691089007
370,louga,58.7372,29.8453,19.18,79,100,2.68,RU,1691089007
371,port-vila,-17.7338,168.3219,22.78,83,100,1.03,VU,1691088614
372,zouerate,22.7187,-12.4521,41.94,8,8,6.44,MR,1691088480
373,safotu,-13.4513,-172.4018,27.51,78,5,6.82,WS,1691089008
374,bekovo,52.4663,43.712,21.19,71,16,1.18,RU,1691089008
375,pollenca,39.8768,3.0163,26.55,68,26,5.95,ES,1691089008
376,saint croix,17.7397,-64.7388,30.25,68,100,5.14,VI,1691089008
377,lupane,-18.9315,27.807,15.88,43,87,2.26,ZW,1691088627
378,sangonera la verde,37.9286,-1.2079,29.9,74,13,0.89,ES,1691089010
379,bantay,17.5847,120.3892,27.2,82,100,8.93,PH,1691089010
380,karratha,-20.7377,116.8463,20.87,73,19,3.01,AU,1691088641
381,puerto baquerizo moreno,-0.9,-89.6,26.55,78,75,6.17,EC,1691088743
382,sainte-anne-des-monts,49.124,-66.4924,17.93,68,100,3.09,CA,1691088722
383,alaghsas,17.0187,8.0168,29.94,58,20,7.2,NE,1691089011
384,marathon,44.9,-89.7668,32.15,54,75,5.66,US,1691089011
385,waddan,29.1614,16.139,34.1,15,0,4.68,LY,1691088668
386,ballina,-28.8667,153.5667,12.1,76,70,1.86,AU,1691089012
387,kapa'a,22.0752,-159.319,27.18,80,75,8.75,US,1691088603
388,prince rupert,54.3161,-130.3201,16.05,91,0,2.06,CA,1691089016
389,strugi-krasnyye,58.2675,29.1114,17.8,78,100,3.46,RU,1691089016
390,ancud,-41.8697,-73.8203,7.9,70,24,1.37,CL,1691088578
391,zabid,14.1951,43.3152,32.97,44,81,5.36,YE,1691089016
392,awjilah,29.1081,21.2869,34.28,20,0,5.11,LY,1691089017
393,ust'-uda,54.1742,103.0304,16.13,53,100,0.64,RU,1691089017
394,mhamid,29.82,-5.72,40.9,5,0,2.97,MA,1691089017
395,dolores,-36.3132,-57.6792,12.35,36,8,1.18,AR,1691089017
396,skagen,57.7209,10.5839,17.48,83,73,6.18,DK,1691089018
397,zhangye,38.9342,100.4517,21.7,42,0,3.1,CN,1691088687
398,antonio enes,-16.2325,39.9086,21.8,83,49,3.8,MZ,1691089018
399,flying fish cove,-10.4217,105.6791,24.82,94,100,5.14,CX,1691088579
400,ballymoney,55.0708,-6.5101,14.18,91,99,8.85,GB,1691089019
401,lovisa,60.4566,26.2251,19.05,85,100,7.93,FI,1691089019
402,sisimiut,66.9395,-53.6735,7.86,79,51,4.55,GL,1691088551
403,januaria,-15.4833,-44.3667,31.81,23,69,1.57,BR,1691089020
404,loango,-4.6719,11.8312,20.76,86,100,3.64,CG,1691089020
405,carloforte,39.145,8.3058,25.4,85,0,6.01,IT,1691089020
406,katsuura,35.1333,140.3,26.34,89,48,6.65,JP,1691088699
407,tsiombe,-25.3,45.4833,18.8,59,21,7.52,MG,1691088617
408,el granada,37.5027,-122.4694,26.07,79,75,5.66,US,1691088674
409,axim,4.8699,-2.2405,24.39,81,69,2.78,GH,1691089021
410,gokceada,40.2011,25.909,29.6,66,0,0.73,TR,1691088923
411,nar'yan-mar,67.6713,53.087,21.01,68,53,1.94,RU,1691088564
412,klyuchi,52.2667,79.1667,20.35,66,97,0.92,RU,1691088573
413,gadzhiyevo,69.2551,33.3362,20.18,68,58,4.0,RU,1691088662
414,melekhovo,56.2773,41.2935,22.18,72,100,2.46,RU,1691089022
415,bam,29.106,58.357,32.29,10,0,4.27,IR,1691089023
416,cova figueira,14.8905,-24.2934,23.22,76,32,2.69,CV,1691089023
417,pasni,25.2631,63.471,27.44,84,100,2.35,PK,1691089023
418,amursk,50.2261,136.8994,14.05,74,99,5.64,RU,1691089024
419,sakiet sidi youssef,36.2229,8.3555,34.76,28,0,3.48,TN,1691089024
420,kirakira,-10.4544,161.9205,24.91,91,100,3.57,SB,1691089024
421,wuwei,37.9281,102.6414,19.71,72,100,3.66,CN,1691089024
422,tashla,51.7716,52.7427,22.46,57,89,3.66,RU,1691089025
423,altai,46.3722,96.2583,16.37,48,100,1.23,MN,1691089025
424,chiang klang,19.2938,100.8617,24.31,100,100,1.21,TH,1691089025
425,jesup,31.6074,-81.8854,32.75,55,40,1.54,US,1691089026
426,atafu village,-8.5421,-172.5159,28.04,76,93,6.43,TK,1691088589
427,geraldton,-28.7667,114.6,6.23,87,0,3.6,AU,1691088595
428,fale old settlement,-9.3852,-171.2468,28.3,70,100,7.15,TK,1691088579
429,wakkanai,45.4094,141.6739,19.93,99,100,3.84,JP,1691089027
430,egilsstadir,65.2653,-14.3948,11.95,66,20,6.17,IS,1691088671
431,pudozh,61.8099,36.5345,19.03,82,85,2.69,RU,1691089027
432,villa vasquez,19.7411,-71.4464,31.91,58,96,7.05,DO,1691089027
433,kerikeri,-35.2268,173.9474,7.42,92,4,2.08,NZ,1691088692
434,san luis de la loma,17.2706,-100.8939,28.78,73,100,3.29,MX,1691088681
435,kilindoni,-7.9139,39.6668,24.45,80,10,8.87,TZ,1691088620
436,hotan,37.0997,79.9269,27.37,32,9,2.33,CN,1691088941
437,neka,36.6508,53.299,27.73,83,75,2.06,IR,1691089028
438,wenxing,28.6667,112.8833,28.08,80,3,0.78,CN,1691089029
439,satipo,-11.2522,-74.6386,33.4,29,22,0.97,PE,1691089029
440,champerico,14.3,-91.9167,34.3,65,79,4.95,GT,1691089030
441,valdivia,-39.8142,-73.2459,11.05,65,5,2.38,CL,1691088771
442,darwin,-12.4611,130.8418,22.99,83,40,0.0,AU,1691089030
443,mossel bay,-34.1831,22.146,17.96,48,13,3.96,ZA,1691089030
444,lazaro cardenas,17.9583,-102.2,28.73,77,100,2.45,MX,1691088508
445,lycksele,64.5954,18.6735,16.93,72,100,2.06,SE,1691088596
446,magadan,59.5667,150.8,18.63,68,100,1.96,RU,1691088846
447,achacachi,-16.05,-68.6833,12.69,30,11,4.24,BO,1691089031
448,goure,13.9835,10.2704,34.53,36,69,3.3,NE,1691089032
449,kailua-kona,19.6406,-155.9956,28.61,78,40,4.12,US,1691088366
450,dunedin,-45.8742,170.5036,7.67,77,10,0.89,NZ,1691088381
451,lyubim,58.3625,40.6843,18.72,91,100,2.01,RU,1691089032
452,port hedland,-20.3167,118.5667,20.03,100,40,2.57,AU,1691089033
453,charters towers,-20.1,146.2667,13.1,92,0,4.2,AU,1691089033
454,nakamura,32.9833,132.9333,24.23,97,38,1.44,JP,1691089033
455,beloyarskiy,63.7119,66.6722,21.22,70,100,1.0,RU,1691089034
456,sinabang,2.4803,96.3801,26.22,84,80,1.58,ID,1691088599
457,kidal,18.4411,1.4078,38.77,22,14,3.13,ML,1691088512
458,grayslake,42.3445,-88.0417,31.03,57,20,0.89,US,1691088374
459,vanino,49.0869,140.2543,13.37,79,100,1.59,RU,1691089035
460,ghat,24.9647,10.1728,36.4,15,12,2.76,LY,1691089035
461,huarmey,-10.0681,-78.1522,22.73,65,0,4.93,PE,1691088696
462,cookstown,54.6431,-6.746,13.99,85,25,7.01,GB,1691089036
463,prado,-17.3411,-39.2208,23.86,71,7,4.46,BR,1691089037
464,sodankyla,67.4167,26.6,16.41,96,100,3.0,FI,1691089038
465,lerwick,60.1545,-1.1494,13.0,85,100,7.61,GB,1691088690
466,beohari,24.05,81.3833,25.45,92,100,1.99,IN,1691088474
467,dryden,49.7833,-92.7503,24.16,53,0,3.6,CA,1691088587
468,kolpashevo,58.3131,82.9089,17.53,88,6,1.72,RU,1691089038
469,yesilhisar,38.3497,35.0867,24.91,32,0,2.62,TR,1691089039
470,hirara,24.8,125.2833,28.15,94,100,14.92,JP,1691089039
471,tura,25.5198,90.2201,24.08,97,100,2.88,IN,1691088610
472,kaa-khem,51.6833,94.7333,19.37,60,100,1.94,RU,1691089040
473,maryville,35.7565,-83.9705,24.95,94,100,7.2,US,1691088936
474,forres,57.6113,-3.6108,14.32,85,100,5.14,GB,1691089040
475,radomsko,51.0671,19.4448,17.72,69,0,7.98,PL,1691088606
476,bodaybo,57.8506,114.1933,14.94,84,0,0.97,RU,1691089041
477,owerri,5.4833,7.0304,23.83,89,98,1.78,NG,1691089041
478,campbell river,50.0163,-125.2446,23.66,52,40,2.06,CA,1691089041
479,singaraja,-8.112,115.0882,24.0,81,21,2.34,ID,1691089042
480,vadso,70.0744,29.7487,20.49,88,0,4.63,NO,1691088608
481,muslyumovo,55.3033,53.1947,20.57,67,24,2.08,RU,1691089042
482,barah,13.7,30.3667,29.01,58,97,1.36,SD,1691089042
483,parfino,57.9731,31.6481,19.31,87,100,2.87,RU,1691089043
484,bukama,-9.2,25.85,25.23,35,5,1.59,CD,1691089043
485,gilgit,35.9221,74.3087,30.07,45,16,1.04,PK,1691089043
486,viedma,-40.8135,-62.9967,13.85,19,1,9.76,AR,1691088615
487,butembo,0.15,29.2833,16.79,71,99,1.19,CD,1691088918
488,bunda,-2.05,33.8667,24.73,41,100,3.1,TZ,1691089044
489,mendi,-6.1761,143.6513,13.25,100,100,0.73,PG,1691089044
490,smithers,54.7804,-127.1743,18.18,59,20,1.54,CA,1691088459
491,sidi okba,34.7451,5.8983,42.16,11,0,1.54,DZ,1691089045
492,valle de la pascua,9.2155,-66.0073,30.89,61,68,1.48,VE,1691089045
493,kingston,17.997,-76.7936,33.53,68,20,7.2,JM,1691088502
494,barra de santo antonio,-9.4047,-35.5072,26.6,68,60,5.05,BR,1691089045
495,evansville,37.9748,-87.5558,27.97,88,100,0.0,US,1691089046
496,acarau,-2.8856,-40.12,29.39,64,6,8.66,BR,1691089046
497,ouani,-12.1322,44.4258,24.89,73,96,4.86,KM,1691089047
498,sooke,48.3746,-123.7276,26.99,67,35,1.78,CA,1691089047
499,bejaia,36.7559,5.0843,29.6,58,0,2.06,DZ,1691089047
500,alpena,45.0617,-83.4327,31.18,52,40,6.17,US,1691088669
501,ar rumaythah,31.5263,45.2025,37.93,11,0,4.55,IQ,1691089048
502,codrington,-38.2667,141.9667,17.43,45,100,10.55,AU,1691088594
503,steinbach,50.1667,8.5667,18.88,79,20,5.66,DE,1691089048
504,calafat,43.9911,22.9328,28.83,38,0,3.14,RO,1691089048
505,kharp,66.8014,65.8081,19.15,68,0,2.98,RU,1691089049
506,belem de sao francisco,-8.7539,-38.9658,28.1,48,100,7.07,BR,1691089049
507,gannan,47.9147,123.5031,18.27,98,100,6.72,CN,1691089049
508,lethem,3.3803,-59.7968,29.03,84,75,6.17,GY,1691089049
509,oneonta,42.4529,-75.0638,25.12,75,100,0.83,US,1691089050
510,washington,47.5001,-120.5015,29.53,27,100,1.7,US,1691089050
511,mbekenyera,-10.0,38.9833,23.23,56,99,2.5,TZ,1691089050
512,porto belo,-27.1578,-48.5531,28.77,78,9,3.93,BR,1691089051
513,vieux fort,13.7167,-60.95,31.64,71,20,5.66,LC,1691089051
514,alesund,62.4723,6.1549,15.97,89,75,3.6,NO,1691089051
515,santa rosalia,27.3167,-112.2833,33.41,47,5,3.74,MX,1691089051
516,mersa matruh,31.3525,27.2453,29.11,70,0,3.09,EG,1691089052
517,las heras,-46.5419,-68.9359,8.22,41,100,13.52,AR,1691089052
518,bereket,39.2446,55.5154,29.75,49,36,5.99,TM,1691089052
519,dashitou,43.3067,128.5114,21.31,97,100,1.89,CN,1691089052
520,sotouboua,8.5667,0.9833,28.02,95,1,1.42,TG,1691089053
521,taltal,-25.4,-70.4833,18.17,74,23,2.17,CL,1691089053
522,inyonga,-6.7167,32.0667,23.07,40,100,4.4,TZ,1691089053
523,anna regina,7.2644,-58.5077,29.64,66,6,3.84,GY,1691089053
524,arteaga,18.4667,-102.4167,23.21,83,100,1.32,MX,1691089054
525,christchurch,-43.5333,172.6333,3.3,94,0,1.03,NZ,1691088755
526,shakhun'ya,57.6758,46.6114,17.86,80,19,0.59,RU,1691089054
527,tadine,-21.55,167.8833,19.13,83,100,9.76,NC,1691089055
528,dinard,48.6314,-2.0614,17.21,86,100,6.17,FR,1691089055
529,neftcala,39.3742,49.2472,27.89,60,3,3.64,AZ,1691089055
530,an nimas,19.1455,42.1201,20.72,47,79,0.68,SA,1691089056
531,east ballina,-28.8667,153.5833,12.11,75,72,2.05,AU,1691089056
532,port sudan,19.6175,37.2164,33.44,45,13,2.73,SD,1691089056
533,letterkenny,54.95,-7.7333,14.96,83,61,5.97,IE,1691088992
534,gorontalo,0.5412,123.0595,23.49,92,7,1.03,ID,1691089057
535,hobyo,5.3505,48.5268,25.49,79,100,13.42,SO,1691088643
536,strathalbyn,-35.2667,138.9,16.61,92,9,7.17,AU,1691089057
537,mata-utu,-13.2816,-176.1745,27.21,79,45,6.13,WF,1691089057
538,ust'-charyshskaya pristan',52.3934,83.6635,17.18,94,79,1.17,RU,1691089057
539,savannakhet,16.566,104.751,24.05,96,100,5.93,LA,1691089058
540,bengkulu,-3.8004,102.2655,24.14,92,83,2.04,ID,1691088653
541,hasaki,35.7333,140.8333,25.73,92,44,5.46,JP,1691088567
542,vuktyl,63.8567,57.3094,18.21,92,89,1.85,RU,1691088692
543,pervomayskoye,43.919,46.7102,25.29,48,100,1.46,RU,1691089059
544,kapuskasing,49.4169,-82.4331,19.05,88,75,3.6,CA,1691088641
545,nagqu,31.5,92.0,7.57,88,100,1.44,CN,1691089060
546,kuanda,56.3161,116.0806,14.51,72,36,1.51,RU,1691088703
547,yen vinh,18.6667,105.6667,25.66,86,98,1.95,VN,1691089061
548,camayenne,9.535,-13.6878,28.05,83,75,4.12,GN,1691089062
549,waingapu,-9.6567,120.2641,23.16,89,4,3.62,ID,1691089062
550,bandundu,-3.3167,17.3667,29.52,34,83,1.85,CD,1691089062
551,cortez,37.3489,-108.5859,26.07,32,0,2.57,US,1691089062
552,severo-yeniseyskiy,60.3725,93.0408,12.62,83,5,2.3,RU,1691089063
553,samana,19.2056,-69.3369,33.12,70,40,4.12,DO,1691089063
554,lagonegro,40.1283,15.7615,19.09,88,0,0.38,IT,1691089063
555,betio village,1.358,172.9211,26.02,74,28,1.1,KI,1691089063
556,kingscliff,-28.2667,153.5667,14.89,82,40,2.57,AU,1691089064
557,abadeh,31.1608,52.6506,26.36,16,0,4.59,IR,1691088841
558,kirensk,57.7853,108.1119,13.34,69,100,1.59,RU,1691088669
559,port moresby,-9.4431,147.1797,23.68,73,40,7.72,PG,1691089065
560,kangal,39.2335,37.3911,20.28,63,0,4.31,TR,1691088923
561,huadian,42.9633,126.7478,22.68,96,100,3.16,CN,1691089065
562,camocim,-2.9022,-40.8411,29.37,65,8,7.64,BR,1691089065
563,emerald,-23.5333,148.1667,10.75,80,0,3.74,AU,1691089066
564,port-gentil,-0.7193,8.7815,22.85,77,100,4.31,GA,1691088645
565,bamboo flat,11.7,92.7167,28.05,83,40,2.57,IN,1691088588
566,agat village,13.3886,144.6585,27.52,91,20,3.09,GU,1691089066
567,berberati,4.2612,15.7922,20.66,99,98,0.61,CF,1691089067
568,kourou,5.1552,-52.6478,31.03,66,14,5.25,GF,1691089067
569,fontanelas,38.8472,-9.4372,22.17,58,20,10.29,PT,1691089067
570,sesheke,-17.4759,24.2968,18.54,41,6,4.5,ZM,1691088921
571,sungai penuh,-2.0833,101.3833,18.18,98,100,1.04,ID,1691089068
572,totness,5.8833,-56.3167,28.78,74,30,1.98,SR,1691089068
573,xai-xai,-25.0519,33.6442,17.3,81,34,2.22,MZ,1691088572
574,marat,25.0701,45.4615,35.38,12,10,4.21,SA,1691089068
575,cuajinicuilapa,16.4667,-98.4167,29.6,74,98,2.18,MX,1691089069
576,valley city,46.9233,-98.0032,30.29,58,0,3.09,US,1691089069
577,antsohihy,-14.8796,47.9875,24.14,59,17,4.76,MG,1691088861
578,hisor,38.525,68.5512,24.86,23,3,0.95,TJ,1691089069
579,salekhard,66.53,66.6019,18.5,76,0,3.94,RU,1691089070
580,ventspils,57.3894,21.5606,18.96,88,75,3.6,LV,1691088604
581,bikenibeu village,1.3673,173.1241,25.98,94,40,1.03,KI,1691088640
